{
  "CONFERENCE_precision": 0.0,
  "CONFERENCE_recall": 0.0,
  "CONFERENCE_f1": 0.0,
  "DATASET_precision": 0.07692307692307693,
  "DATASET_recall": 0.0038022813688212928,
  "DATASET_f1": 0.007246376811594202,
  "EVALMETRIC_precision": 0.0,
  "EVALMETRIC_recall": 0.0,
  "EVALMETRIC_f1": 0.0,
  "LICENSE_precision": 0.0,
  "LICENSE_recall": 0.0,
  "LICENSE_f1": 0.0,
  "ONTOLOGY_precision": 0.0,
  "ONTOLOGY_recall": 0.0,
  "ONTOLOGY_f1": 0.0,
  "PROGLANG_precision": 0.0,
  "PROGLANG_recall": 0.0,
  "PROGLANG_f1": 0.0,
  "PROJECT_precision": 0.0,
  "PROJECT_recall": 0.0,
  "PROJECT_f1": 0.0,
  "PUBLICATION_precision": 0.12903225806451613,
  "PUBLICATION_recall": 0.011049723756906077,
  "PUBLICATION_f1": 0.020356234096692113,
  "SOFTWARE_precision": 0.05154639175257732,
  "SOFTWARE_recall": 0.006067961165048544,
  "SOFTWARE_f1": 0.010857763300760043,
  "WORKSHOP_precision": 0.0,
  "WORKSHOP_recall": 0.0,
  "WORKSHOP_f1": 0.0,
  "overall_weighted_precision": 0.05484444784674074,
  "overall_weighted_recall": 0.005012531328320802,
  "overall_weighted_f1": 0.009133609425703307
}