{
  "overall_accuracy": 0.9134403608862943,
  "overall_macro_precision": 0.15928277935864382,
  "overall_macro_recall": 0.053547987800926296,
  "overall_macro_f1": 0.05683150715642824,
  "CONFERENCE_macro_precision": 0.5729650127181752,
  "CONFERENCE_macro_recall": 0.3440523904993733,
  "CONFERENCE_macro_f1": 0.3483594783666371,
  "DATASET_macro_precision": 0.3174973039593283,
  "DATASET_macro_recall": 0.332949634476352,
  "DATASET_macro_f1": 0.32503992271750487,
  "EVALMETRIC_macro_precision": 0.3121320153405715,
  "EVALMETRIC_macro_recall": 0.3328437301998733,
  "EVALMETRIC_macro_f1": 0.32215532140268716,
  "LICENSE_macro_precision": 0.32001490174164104,
  "LICENSE_macro_recall": 0.33185242418389027,
  "LICENSE_macro_f1": 0.3258261817836992,
  "ONTOLOGY_macro_precision": 0.3285799168152109,
  "ONTOLOGY_macro_recall": 0.3333333333333333,
  "ONTOLOGY_macro_f1": 0.3309395571514063,
  "PROGLANG_macro_precision": 0.3282953439490967,
  "PROGLANG_macro_recall": 0.3333333333333333,
  "PROGLANG_macro_f1": 0.3307951576882824,
  "PROJECT_macro_precision": 0.3049584408139868,
  "PROJECT_macro_recall": 0.3333333333333333,
  "PROJECT_macro_f1": 0.31851519233647657,
  "PUBLICATION_macro_precision": 0.5550665208114357,
  "PUBLICATION_macro_recall": 0.35468145909717913,
  "PUBLICATION_macro_f1": 0.3406714083915692,
  "SOFTWARE_macro_precision": 0.5012609043736601,
  "SOFTWARE_macro_recall": 0.3376603531033648,
  "SOFTWARE_macro_f1": 0.33161167464641034,
  "WORKSHOP_macro_precision": 0.4085272006156397,
  "WORKSHOP_macro_recall": 0.3357254019493627,
  "WORKSHOP_macro_f1": 0.3341182991043267
}