{
  "overall_accuracy": 0.9124422081832192,
  "overall_macro_precision": 0.1334799876571622,
  "overall_macro_recall": 0.049567563543515956,
  "overall_macro_f1": 0.04936704430632867,
  "CONFERENCE_macro_precision": 0.32154673029382463,
  "CONFERENCE_macro_recall": 0.3332865902629935,
  "CONFERENCE_macro_f1": 0.3273114241001565,
  "DATASET_macro_precision": 0.6093995661911454,
  "DATASET_macro_recall": 0.3385815508098249,
  "DATASET_macro_f1": 0.3357158123437826,
  "EVALMETRIC_macro_precision": 0.3121603215061159,
  "EVALMETRIC_macro_recall": 0.33331893324117273,
  "EVALMETRIC_macro_f1": 0.3223928409763571,
  "LICENSE_macro_precision": 0.4868237914076274,
  "LICENSE_macro_recall": 0.3348910120206237,
  "LICENSE_macro_f1": 0.32984202791594774,
  "ONTOLOGY_macro_precision": 0.3285799168152109,
  "ONTOLOGY_macro_recall": 0.3333333333333333,
  "ONTOLOGY_macro_f1": 0.3309395571514063,
  "PROGLANG_macro_precision": 0.3282953439490967,
  "PROGLANG_macro_recall": 0.3333333333333333,
  "PROGLANG_macro_f1": 0.3307951576882824,
  "PROJECT_macro_precision": 0.3049584408139868,
  "PROJECT_macro_recall": 0.3333333333333333,
  "PROJECT_macro_f1": 0.31851519233647657,
  "PUBLICATION_macro_precision": 0.43792835866168695,
  "PUBLICATION_macro_recall": 0.3385315118060151,
  "PUBLICATION_macro_f1": 0.30921424946849385,
  "SOFTWARE_macro_precision": 0.31259835838991934,
  "SOFTWARE_macro_recall": 0.33319038950733976,
  "SOFTWARE_macro_f1": 0.322566068642195,
  "WORKSHOP_macro_precision": 0.3251260665749819,
  "WORKSHOP_macro_recall": 0.3333333333333333,
  "WORKSHOP_macro_f1": 0.3291785508418113
}