{
  "overall_accuracy": 0.8871813816032509,
  "overall_macro_precision": 0.04224673245729766,
  "overall_macro_recall": 0.047619047619047616,
  "overall_macro_f1": 0.04477230738828829,
  "CONFERENCE_macro_precision": 0.3136693568854373,
  "CONFERENCE_macro_recall": 0.3333333333333333,
  "CONFERENCE_macro_f1": 0.32320252720987036,
  "DATASET_macro_precision": 0.3211944646758922,
  "DATASET_macro_recall": 0.3333333333333333,
  "DATASET_macro_f1": 0.3271513353115727,
  "EVALMETRIC_macro_precision": 0.3149019607843137,
  "EVALMETRIC_macro_recall": 0.3333333333333333,
  "EVALMETRIC_macro_f1": 0.32385561605162333,
  "LICENSE_macro_precision": 0.32884624564418347,
  "LICENSE_macro_recall": 0.3333333333333333,
  "LICENSE_macro_f1": 0.33107458669742407,
  "ONTOLOGY_macro_precision": 0.31992368492777323,
  "ONTOLOGY_macro_recall": 0.3333333333333333,
  "ONTOLOGY_macro_f1": 0.3264908767245216,
  "PROGLANG_macro_precision": 0.3271839974258594,
  "PROGLANG_macro_recall": 0.3333333333333333,
  "PROGLANG_macro_f1": 0.3302300405953992,
  "PROJECT_macro_precision": 0.3163252402630248,
  "PROJECT_macro_recall": 0.3333333333333333,
  "PROJECT_macro_f1": 0.3246066504460665,
  "PUBLICATION_macro_precision": 0.22342090530539857,
  "PUBLICATION_macro_recall": 0.3333333333333333,
  "PUBLICATION_macro_f1": 0.2675278603496153,
  "SOFTWARE_macro_precision": 0.3205554558960843,
  "SOFTWARE_macro_recall": 0.3333333333333333,
  "SOFTWARE_macro_f1": 0.32681954605139746,
  "WORKSHOP_macro_precision": 0.33056771213226355,
  "WORKSHOP_macro_recall": 0.3333333333333333,
  "WORKSHOP_macro_f1": 0.33194476234073395
}