{
  "overall_macro_precision": 0.165957012089235,
  "overall_macro_recall": 0.05434697591795829,
  "overall_macro_f1": 0.058338538521072625,
  "CONFERENCE_macro_precision": 0.671145003239603,
  "CONFERENCE_macro_recall": 0.3442861058510724,
  "CONFERENCE_macro_f1": 0.34882679327845517,
  "DATASET_macro_precision": 0.3775274455510167,
  "DATASET_macro_recall": 0.3358343689730494,
  "DATASET_macro_f1": 0.33124246847381944,
  "EVALMETRIC_macro_precision": 0.31216117808884214,
  "EVALMETRIC_macro_recall": 0.3333333333333333,
  "EVALMETRIC_macro_f1": 0.3224000334266494,
  "LICENSE_macro_precision": 0.32005694302602666,
  "LICENSE_macro_recall": 0.3329470092073917,
  "LICENSE_macro_f1": 0.32637475345167655,
  "ONTOLOGY_macro_precision": 0.3285799168152109,
  "ONTOLOGY_macro_recall": 0.3333333333333333,
  "ONTOLOGY_macro_f1": 0.3309395571514063,
  "PROGLANG_macro_precision": 0.3282952203356561,
  "PROGLANG_macro_recall": 0.33332502927181684,
  "PROGLANG_macro_f1": 0.33079100584694116,
  "PROJECT_macro_precision": 0.3048850574712644,
  "PROJECT_macro_recall": 0.3323934837092732,
  "PROJECT_macro_f1": 0.31804556354916064,
  "PUBLICATION_macro_precision": 0.5416425101598709,
  "PUBLICATION_macro_recall": 0.35448479559156093,
  "PUBLICATION_macro_f1": 0.34088316183838546,
  "SOFTWARE_macro_precision": 0.40324480560775317,
  "SOFTWARE_macro_recall": 0.3389805310497453,
  "SOFTWARE_macro_f1": 0.3347029878698291,
  "WORKSHOP_macro_precision": 0.4085272006156397,
  "WORKSHOP_macro_recall": 0.3357254019493627,
  "WORKSHOP_macro_f1": 0.3341182991043267
}