{
  "overall_accuracy": 0.9127116481766873,
  "overall_micro_precision": 0.9127116481766873,
  "overall_micro_recall": 0.9127116481766873,
  "overall_micro_f1": 0.9127116481766873,
  "CONFERENCE_micro_precision": 0.9653336284709413,
  "CONFERENCE_micro_recall": 0.9653336284709413,
  "CONFERENCE_micro_f1": 0.9653336284709413,
  "DATASET_micro_precision": 0.9502760305460981,
  "DATASET_micro_recall": 0.9502760305460981,
  "DATASET_micro_f1": 0.9502760305460981,
  "EVALMETRIC_micro_precision": 0.9364835342665264,
  "EVALMETRIC_micro_recall": 0.9364835342665264,
  "EVALMETRIC_micro_f1": 0.9364835342665264,
  "LICENSE_micro_precision": 0.9591022906426783,
  "LICENSE_micro_recall": 0.9591022906426783,
  "LICENSE_micro_f1": 0.9591022906426783,
  "ONTOLOGY_micro_precision": 0.9857397504456328,
  "ONTOLOGY_micro_recall": 0.9857397504456328,
  "ONTOLOGY_micro_f1": 0.9857397504456328,
  "PROGLANG_micro_precision": 0.9848614961847044,
  "PROGLANG_micro_recall": 0.9848614961847044,
  "PROGLANG_micro_f1": 0.9848614961847044,
  "PROJECT_micro_precision": 0.9122957867583835,
  "PROJECT_micro_recall": 0.9122957867583835,
  "PROJECT_micro_f1": 0.9122957867583835,
  "PUBLICATION_micro_precision": 0.7999953727625378,
  "PUBLICATION_micro_recall": 0.7999953727625378,
  "PUBLICATION_micro_f1": 0.7999953727625378,
  "SOFTWARE_micro_precision": 0.9352593565331583,
  "SOFTWARE_micro_recall": 0.9352593565331583,
  "SOFTWARE_micro_f1": 0.9352593565331583,
  "WORKSHOP_micro_precision": 0.9750232908921521,
  "WORKSHOP_micro_recall": 0.9750232908921521,
  "WORKSHOP_micro_f1": 0.9750232908921521
}