{
  "overall_accuracy": 0.9272935779816514,
  "overall_macro_precision": 0.0545466810577442,
  "overall_macro_recall": 0.058823529411764705,
  "overall_macro_f1": 0.0566044339906616,
  "CONFERENCE_macro_precision": 0.3087801087801088,
  "CONFERENCE_macro_recall": 0.3333333333333333,
  "CONFERENCE_macro_f1": 0.32058728622136173,
  "DATASET_macro_precision": 0.3256168429074974,
  "DATASET_macro_recall": 0.3333333333333333,
  "DATASET_macro_f1": 0.3294299069924341,
  "EVALMETRIC_macro_precision": 0.30751577739529545,
  "EVALMETRIC_macro_recall": 0.3333333333333333,
  "EVALMETRIC_macro_f1": 0.31990450611757687,
  "LICENSE_macro_precision": 0.3075555555555555,
  "LICENSE_macro_recall": 0.3333333333333333,
  "LICENSE_macro_f1": 0.31992602866389275,
  "ONTOLOGY_macro_precision": NaN,
  "ONTOLOGY_macro_recall": NaN,
  "ONTOLOGY_macro_f1": NaN,
  "PROGLANG_macro_precision": 0.3299414122725871,
  "PROGLANG_macro_recall": 0.3333333333333333,
  "PROGLANG_macro_f1": 0.33162869982953663,
  "PROJECT_macro_precision": 0.3125644994840041,
  "PROJECT_macro_recall": 0.3333333333333333,
  "PROJECT_macro_f1": 0.3226150056587444,
  "PUBLICATION_macro_precision": 0.29173604989061935,
  "PUBLICATION_macro_recall": 0.3333333333333333,
  "PUBLICATION_macro_f1": 0.3111505780749408,
  "SOFTWARE_macro_precision": 0.32188800605372686,
  "SOFTWARE_macro_recall": 0.3333333333333333,
  "SOFTWARE_macro_f1": 0.32751070689572204,
  "WORKSHOP_macro_precision": NaN,
  "WORKSHOP_macro_recall": NaN,
  "WORKSHOP_macro_f1": NaN
}