{
  "overall_accuracy": 0.9203280609256005,
  "overall_macro_precision": 0.043825145758361925,
  "overall_macro_recall": 0.047619047619047616,
  "overall_macro_f1": 0.045643394636683224,
  "CONFERENCE_macro_precision": 0.3284625952291745,
  "CONFERENCE_macro_recall": 0.3333333333333333,
  "CONFERENCE_macro_f1": 0.3308800402591684,
  "DATASET_macro_precision": 0.3198942498347654,
  "DATASET_macro_recall": 0.3333333333333333,
  "DATASET_macro_f1": 0.3264755480607083,
  "EVALMETRIC_macro_precision": 0.33243162007814847,
  "EVALMETRIC_macro_recall": 0.3333333333333333,
  "EVALMETRIC_macro_f1": 0.3328818660647103,
  "LICENSE_macro_precision": 0.32488479262672815,
  "LICENSE_macro_recall": 0.3333333333333333,
  "LICENSE_macro_f1": 0.3290548424737456,
  "ONTOLOGY_macro_precision": 0.30246913580246915,
  "ONTOLOGY_macro_recall": 0.3333333333333333,
  "ONTOLOGY_macro_f1": 0.31715210355987056,
  "PROGLANG_macro_precision": 0.3069741900054915,
  "PROGLANG_macro_recall": 0.3333333333333333,
  "PROGLANG_macro_f1": 0.3196112064036592,
  "PROJECT_macro_precision": 0.3226879574184964,
  "PROJECT_macro_recall": 0.3333333333333333,
  "PROJECT_macro_f1": 0.32792427315753886,
  "PUBLICATION_macro_precision": 0.278686327077748,
  "PUBLICATION_macro_recall": 0.3333333333333333,
  "PUBLICATION_macro_f1": 0.3035701248448565,
  "SOFTWARE_macro_precision": 0.31496062992125984,
  "SOFTWARE_macro_recall": 0.3333333333333333,
  "SOFTWARE_macro_f1": 0.32388663967611336,
  "WORKSHOP_macro_precision": 0.3322422258592471,
  "WORKSHOP_macro_recall": 0.3333333333333333,
  "WORKSHOP_macro_f1": 0.33278688524590166
}