{
  "overall_accuracy": 0.9113258807286332,
  "overall_macro_precision": 0.0433964705108873,
  "overall_macro_recall": 0.047619047619047616,
  "overall_macro_f1": 0.04540980787048595,
  "CONFERENCE_macro_precision": 0.3212728857890148,
  "CONFERENCE_macro_recall": 0.3333333333333333,
  "CONFERENCE_macro_f1": 0.3271920088790233,
  "DATASET_macro_precision": 0.31527093596059114,
  "DATASET_macro_recall": 0.3333333333333333,
  "DATASET_macro_f1": 0.3240506329113924,
  "EVALMETRIC_macro_precision": 0.3261390887290168,
  "EVALMETRIC_macro_recall": 0.3333333333333333,
  "EVALMETRIC_macro_f1": 0.3296969696969697,
  "LICENSE_macro_precision": 0.32181259600614437,
  "LICENSE_macro_recall": 0.3333333333333333,
  "LICENSE_macro_f1": 0.32747166862055493,
  "ONTOLOGY_macro_precision": 0.32562277580071175,
  "ONTOLOGY_macro_recall": 0.3333333333333333,
  "ONTOLOGY_macro_f1": 0.32943294329432943,
  "PROGLANG_macro_precision": 0.3181974544203646,
  "PROGLANG_macro_recall": 0.3333333333333333,
  "PROGLANG_macro_f1": 0.32558958113340375,
  "PROJECT_macro_precision": 0.3025614127109013,
  "PROJECT_macro_recall": 0.3333333333333333,
  "PROJECT_macro_f1": 0.3172028228393365,
  "PUBLICATION_macro_precision": 0.2830833333333333,
  "PUBLICATION_macro_recall": 0.3333333333333333,
  "PUBLICATION_macro_f1": 0.3061601550178,
  "SOFTWARE_macro_precision": 0.31615776081424934,
  "SOFTWARE_macro_recall": 0.3333333333333333,
  "SOFTWARE_macro_f1": 0.3245184459680052,
  "WORKSHOP_macro_precision": 0.3278278278278278,
  "WORKSHOP_macro_recall": 0.3333333333333333,
  "WORKSHOP_macro_f1": 0.3305576583396417
}