{
  "overall_accuracy": 0.08299976526061176,
  "overall_macro_precision": 0.03088002254815377,
  "overall_macro_recall": 0.4780179324321468,
  "overall_macro_f1": 0.0502643887177676,
  "CONFERENCE_macro_precision": 0.021250876101773914,
  "CONFERENCE_macro_recall": 0.3367521367521367,
  "CONFERENCE_macro_f1": 0.026415025171175912,
  "DATASET_macro_precision": 0.017049756724074775,
  "DATASET_macro_recall": 0.33460076045627374,
  "DATASET_macro_f1": 0.02895480367264835,
  "EVALMETRIC_macro_precision": 0.019269461886435756,
  "EVALMETRIC_macro_recall": 0.3333333333333333,
  "EVALMETRIC_macro_f1": 0.0364328022875817,
  "LICENSE_macro_precision": 0.0124821904230936,
  "LICENSE_macro_recall": 0.3333333333333333,
  "LICENSE_macro_f1": 0.02406329302881027,
  "ONTOLOGY_macro_precision": 0.003808163751041295,
  "ONTOLOGY_macro_recall": 0.3333333333333333,
  "ONTOLOGY_macro_f1": 0.007530297682080245,
  "PROGLANG_macro_precision": 0.008720177207199807,
  "PROGLANG_macro_recall": 0.3363914373088685,
  "PROGLANG_macro_f1": 0.011868679660187514,
  "PROJECT_macro_precision": 0.025795934023782125,
  "PROJECT_macro_recall": 0.3333333333333333,
  "PROJECT_macro_f1": 0.04788607031597686,
  "PUBLICATION_macro_precision": 0.07422413514958502,
  "PUBLICATION_macro_recall": 0.33595400804172915,
  "PUBLICATION_macro_f1": 0.11498096033449669,
  "SOFTWARE_macro_precision": 0.025893565452941008,
  "SOFTWARE_macro_recall": 0.3357605177993528,
  "SOFTWARE_macro_f1": 0.03873166391119815,
  "WORKSHOP_macro_precision": 0.007665897117149115,
  "WORKSHOP_macro_recall": 0.3333333333333333,
  "WORKSHOP_macro_f1": 0.014987124960217575
}