{
  "overall_accuracy": 0.9134403608862943,
  "overall_weighted_precision": 0.8763503160791897,
  "overall_weighted_recall": 0.9134403608862943,
  "overall_weighted_f1": 0.8770028472403111,
  "CONFERENCE_weighted_precision": 0.948591274046606,
  "CONFERENCE_weighted_recall": 0.9646572714528149,
  "CONFERENCE_weighted_f1": 0.9490586270104993,
  "DATASET_weighted_precision": 0.9072555541264942,
  "DATASET_weighted_recall": 0.9514109296554908,
  "DATASET_weighted_f1": 0.9288087537148945,
  "EVALMETRIC_weighted_precision": 0.876919478651616,
  "EVALMETRIC_weighted_recall": 0.9351080184480945,
  "EVALMETRIC_weighted_f1": 0.9050794619098717,
  "LICENSE_weighted_precision": 0.921849473977451,
  "LICENSE_weighted_recall": 0.9559491792636557,
  "LICENSE_weighted_f1": 0.9385897114499921,
  "ONTOLOGY_weighted_precision": 0.9716828556086184,
  "ONTOLOGY_weighted_recall": 0.9857397504456328,
  "ONTOLOGY_weighted_f1": 0.9786608294370465,
  "PROGLANG_weighted_precision": 0.9700004957279011,
  "PROGLANG_weighted_recall": 0.9848860318472901,
  "PROGLANG_weighted_f1": 0.977386590629733,
  "PROJECT_weighted_precision": 0.8369968556132811,
  "PROJECT_weighted_recall": 0.9148753224419605,
  "PROJECT_weighted_f1": 0.8742050678744911,
  "PUBLICATION_weighted_precision": 0.762787900172192,
  "PUBLICATION_weighted_recall": 0.8011367580031928,
  "PUBLICATION_weighted_f1": 0.7273421247347156,
  "SOFTWARE_weighted_precision": 0.9018805401084365,
  "SOFTWARE_weighted_recall": 0.9374179251477347,
  "SOFTWARE_weighted_f1": 0.908455103937951,
  "WORKSHOP_weighted_precision": 0.9573061132250725,
  "WORKSHOP_weighted_recall": 0.9750232908921521,
  "WORKSHOP_weighted_f1": 0.9634069826003768
}