{
  "overall_accuracy": 0.9124830324246538,
  "overall_weighted_precision": 0.8365940368731166,
  "overall_weighted_recall": 0.9124830324246538,
  "overall_weighted_f1": 0.8712078941784168,
  "CONFERENCE_weighted_precision": 0.93053992596472,
  "CONFERENCE_weighted_recall": 0.9646449740524853,
  "CONFERENCE_weighted_f1": 0.9472855790787377,
  "DATASET_weighted_precision": 0.9072545979646968,
  "DATASET_weighted_recall": 0.9521611172023775,
  "DATASET_weighted_f1": 0.9291655916842024,
  "EVALMETRIC_weighted_precision": 0.8770014099523243,
  "EVALMETRIC_weighted_recall": 0.9364835342665264,
  "EVALMETRIC_weighted_f1": 0.9057669682531045,
  "LICENSE_weighted_precision": 0.922013140977101,
  "LICENSE_weighted_recall": 0.9602151534823333,
  "LICENSE_weighted_f1": 0.9407264700909381,
  "ONTOLOGY_weighted_precision": 0.9716828556086184,
  "ONTOLOGY_weighted_recall": 0.9857397504456328,
  "ONTOLOGY_weighted_f1": 0.9786608294370465,
  "PROGLANG_weighted_precision": 0.9700004957279011,
  "PROGLANG_weighted_recall": 0.9848860318472901,
  "PROGLANG_weighted_f1": 0.977386590629733,
  "PROJECT_weighted_precision": 0.8369968556132811,
  "PROJECT_weighted_recall": 0.9148753224419605,
  "PROJECT_weighted_f1": 0.8742050678744911,
  "PUBLICATION_weighted_precision": 0.6481212409554625,
  "PUBLICATION_weighted_recall": 0.7961701897938566,
  "PUBLICATION_weighted_f1": 0.7073934399831957,
  "SOFTWARE_weighted_precision": 0.8795065248160294,
  "SOFTWARE_weighted_recall": 0.9378200919238345,
  "SOFTWARE_weighted_f1": 0.9077277384846087,
  "WORKSHOP_weighted_precision": 0.9513626324986759,
  "WORKSHOP_weighted_recall": 0.9753781997249457,
  "WORKSHOP_weighted_f1": 0.9632207469244571
}