{
  "overall_accuracy": 0.9124422081832192,
  "overall_weighted_precision": 0.8598544544206036,
  "overall_weighted_recall": 0.9124422081832192,
  "overall_weighted_f1": 0.872897762902129,
  "CONFERENCE_weighted_precision": 0.9305353119028439,
  "CONFERENCE_weighted_recall": 0.96450970264886,
  "CONFERENCE_weighted_f1": 0.9472179606245323,
  "DATASET_weighted_precision": 0.945058248330533,
  "DATASET_weighted_recall": 0.9530651893742667,
  "DATASET_weighted_f1": 0.930951516249314,
  "EVALMETRIC_weighted_precision": 0.8769990034254678,
  "EVALMETRIC_weighted_recall": 0.9364430779189254,
  "EVALMETRIC_weighted_f1": 0.9057467614192954,
  "LICENSE_weighted_precision": 0.9409459898640194,
  "LICENSE_weighted_recall": 0.960122414912362,
  "LICENSE_weighted_f1": 0.9410882449528557,
  "ONTOLOGY_weighted_precision": 0.9716828556086184,
  "ONTOLOGY_weighted_recall": 0.9857397504456328,
  "ONTOLOGY_weighted_f1": 0.9786608294370465,
  "PROGLANG_weighted_precision": 0.9700004957279011,
  "PROGLANG_weighted_recall": 0.9848860318472901,
  "PROGLANG_weighted_f1": 0.977386590629733,
  "PROJECT_weighted_precision": 0.8369968556132811,
  "PROJECT_weighted_recall": 0.9148753224419605,
  "PROJECT_weighted_f1": 0.8742050678744911,
  "PUBLICATION_weighted_precision": 0.7184506377581962,
  "PUBLICATION_weighted_recall": 0.7961316294816723,
  "PUBLICATION_weighted_f1": 0.7130909624208036,
  "SOFTWARE_weighted_precision": 0.8794830636014218,
  "SOFTWARE_weighted_recall": 0.9374179251477347,
  "SOFTWARE_weighted_f1": 0.9075268204365997,
  "WORKSHOP_weighted_precision": 0.9513626324986759,
  "WORKSHOP_weighted_recall": 0.9753781997249457,
  "WORKSHOP_weighted_f1": 0.9632207469244571
}