{
  "CONFERENCE_precision": 0.625,
  "CONFERENCE_recall": 0.358974358974359,
  "CONFERENCE_f1": 0.4560260586319218,
  "DATASET_precision": 0.5564516129032258,
  "DATASET_recall": 0.5247148288973384,
  "DATASET_f1": 0.5401174168297456,
  "EVALMETRIC_precision": 0.7333333333333333,
  "EVALMETRIC_recall": 0.46153846153846156,
  "EVALMETRIC_f1": 0.5665236051502146,
  "LICENSE_precision": 0.5769230769230769,
  "LICENSE_recall": 0.5769230769230769,
  "LICENSE_f1": 0.5769230769230769,
  "ONTOLOGY_precision": 0.625,
  "ONTOLOGY_recall": 0.625,
  "ONTOLOGY_f1": 0.625,
  "PROGLANG_precision": 0.5108695652173914,
  "PROGLANG_recall": 0.43119266055045874,
  "PROGLANG_f1": 0.46766169154228854,
  "PROJECT_precision": 0.23809523809523808,
  "PROJECT_recall": 0.17857142857142858,
  "PROJECT_f1": 0.20408163265306123,
  "PUBLICATION_precision": 0.3368869936034115,
  "PUBLICATION_recall": 0.43646408839779005,
  "PUBLICATION_f1": 0.38026474127557164,
  "SOFTWARE_precision": 0.4838012958963283,
  "SOFTWARE_recall": 0.27184466019417475,
  "SOFTWARE_f1": 0.3480963480963481,
  "WORKSHOP_precision": 0.0,
  "WORKSHOP_recall": 0.0,
  "WORKSHOP_f1": 0.0,
  "overall_macro_precision": 0.4686361115972006,
  "overall_macro_recall": 0.3865223564047088,
  "overall_macro_f1": 0.4164694571102229,
  "overall_micro_precision": 0.47550620509470937,
  "overall_micro_recall": 0.3649122807017544,
  "overall_micro_f1": 0.4129325014180374,
  "overall_weighted_precision": 0.4892457391672115,
  "overall_weighted_recall": 0.3649122807017544,
  "overall_weighted_f1": 0.40760174178519876
}