{
  "overall_accuracy": 0.9134403608862943,
  "overall_micro_precision": 0.9134403608862943,
  "overall_micro_recall": 0.9134403608862943,
  "overall_micro_f1": 0.9134403608862943,
  "CONFERENCE_micro_precision": 0.9646572714528149,
  "CONFERENCE_micro_recall": 0.9646572714528149,
  "CONFERENCE_micro_f1": 0.9646572714528149,
  "DATASET_micro_precision": 0.9514109296554908,
  "DATASET_micro_recall": 0.9514109296554908,
  "DATASET_micro_f1": 0.9514109296554908,
  "EVALMETRIC_micro_precision": 0.9351080184480945,
  "EVALMETRIC_micro_recall": 0.9351080184480945,
  "EVALMETRIC_micro_f1": 0.9351080184480945,
  "LICENSE_micro_precision": 0.9559491792636557,
  "LICENSE_micro_recall": 0.9559491792636557,
  "LICENSE_micro_f1": 0.9559491792636557,
  "ONTOLOGY_micro_precision": 0.9857397504456328,
  "ONTOLOGY_micro_recall": 0.9857397504456328,
  "ONTOLOGY_micro_f1": 0.9857397504456328,
  "PROGLANG_micro_precision": 0.9848860318472901,
  "PROGLANG_micro_recall": 0.9848860318472901,
  "PROGLANG_micro_f1": 0.9848860318472901,
  "PROJECT_micro_precision": 0.9148753224419605,
  "PROJECT_micro_recall": 0.9148753224419605,
  "PROJECT_micro_f1": 0.9148753224419605,
  "PUBLICATION_micro_precision": 0.8011367580031928,
  "PUBLICATION_micro_recall": 0.8011367580031928,
  "PUBLICATION_micro_f1": 0.8011367580031928,
  "SOFTWARE_micro_precision": 0.9374179251477347,
  "SOFTWARE_micro_recall": 0.9374179251477347,
  "SOFTWARE_micro_f1": 0.9374179251477347,
  "WORKSHOP_micro_precision": 0.9750232908921521,
  "WORKSHOP_micro_recall": 0.9750232908921521,
  "WORKSHOP_micro_f1": 0.9750232908921521
}