{
  "overall_accuracy": 0.9124422081832192,
  "overall_micro_precision": 0.9124422081832192,
  "overall_micro_recall": 0.9124422081832192,
  "overall_micro_f1": 0.9124422081832192,
  "CONFERENCE_micro_precision": 0.96450970264886,
  "CONFERENCE_micro_recall": 0.96450970264886,
  "CONFERENCE_micro_f1": 0.96450970264886,
  "DATASET_micro_precision": 0.9530651893742667,
  "DATASET_micro_recall": 0.9530651893742667,
  "DATASET_micro_f1": 0.9530651893742667,
  "EVALMETRIC_micro_precision": 0.9364430779189254,
  "EVALMETRIC_micro_recall": 0.9364430779189254,
  "EVALMETRIC_micro_f1": 0.9364430779189254,
  "LICENSE_micro_precision": 0.960122414912362,
  "LICENSE_micro_recall": 0.960122414912362,
  "LICENSE_micro_f1": 0.960122414912362,
  "ONTOLOGY_micro_precision": 0.9857397504456328,
  "ONTOLOGY_micro_recall": 0.9857397504456328,
  "ONTOLOGY_micro_f1": 0.9857397504456328,
  "PROGLANG_micro_precision": 0.9848860318472901,
  "PROGLANG_micro_recall": 0.9848860318472901,
  "PROGLANG_micro_f1": 0.9848860318472901,
  "PROJECT_micro_precision": 0.9148753224419605,
  "PROJECT_micro_recall": 0.9148753224419605,
  "PROJECT_micro_f1": 0.9148753224419605,
  "PUBLICATION_micro_precision": 0.7961316294816723,
  "PUBLICATION_micro_recall": 0.7961316294816723,
  "PUBLICATION_micro_f1": 0.7961316294816723,
  "SOFTWARE_micro_precision": 0.9374179251477347,
  "SOFTWARE_micro_recall": 0.9374179251477347,
  "SOFTWARE_micro_f1": 0.9374179251477347,
  "WORKSHOP_micro_precision": 0.9753781997249457,
  "WORKSHOP_micro_recall": 0.9753781997249457,
  "WORKSHOP_micro_f1": 0.9753781997249457
}