{
  "CONFERENCE_precision": 0.25,
  "CONFERENCE_recall": 0.00510204081632653,
  "CONFERENCE_f1": 0.009999999999999998,
  "DATASET_precision": 0.0,
  "DATASET_recall": 0.0,
  "DATASET_f1": 0.0,
  "EVALMETRIC_precision": 0.0,
  "EVALMETRIC_recall": 0.0,
  "EVALMETRIC_f1": 0.0,
  "LICENSE_precision": 0.0,
  "LICENSE_recall": 0.0,
  "LICENSE_f1": 0.0,
  "ONTOLOGY_precision": 0.0,
  "ONTOLOGY_recall": 0.0,
  "ONTOLOGY_f1": 0.0,
  "PROGLANG_precision": 0.0,
  "PROGLANG_recall": 0.0,
  "PROGLANG_f1": 0.0,
  "PROJECT_precision": 0.0,
  "PROJECT_recall": 0.0,
  "PROJECT_f1": 0.0,
  "PUBLICATION_precision": 0.1935483870967742,
  "PUBLICATION_recall": 0.016574585635359115,
  "PUBLICATION_f1": 0.030534351145038163,
  "SOFTWARE_precision": 0.125,
  "SOFTWARE_recall": 0.006045949214026602,
  "SOFTWARE_f1": 0.011534025374855825,
  "WORKSHOP_precision": 0.0,
  "WORKSHOP_recall": 0.0,
  "WORKSHOP_f1": 0.0,
  "overall_micro_precision": 0.09448818897637795,
  "overall_micro_recall": 0.006003001500750375,
  "overall_micro_f1": 0.011288805268109126,
  "overall_macro_precision": 0.056854838709677426,
  "overall_macro_recall": 0.002772257566571225,
  "overall_macro_f1": 0.005206837651989398,
  "overall_weighted_precision": 0.11127539576239732,
  "overall_weighted_recall": 0.006003001500750375,
  "overall_weighted_f1": 0.01128167788869914
}