{
  "CONFERENCE_precision": 0.25,
  "CONFERENCE_recall": 0.005128205128205128,
  "CONFERENCE_f1": 0.010050251256281407,
  "DATASET_precision": 0.0,
  "DATASET_recall": 0.0,
  "DATASET_f1": 0.0,
  "EVALMETRIC_precision": 0.0,
  "EVALMETRIC_recall": 0.0,
  "EVALMETRIC_f1": 0.0,
  "LICENSE_precision": 0.0,
  "LICENSE_recall": 0.0,
  "LICENSE_f1": 0.0,
  "ONTOLOGY_precision": 0.0,
  "ONTOLOGY_recall": 0.0,
  "ONTOLOGY_f1": 0.0,
  "PROGLANG_precision": 0.0,
  "PROGLANG_recall": 0.0,
  "PROGLANG_f1": 0.0,
  "PROJECT_precision": 0.0,
  "PROJECT_recall": 0.0,
  "PROJECT_f1": 0.0,
  "PUBLICATION_precision": 0.1935483870967742,
  "PUBLICATION_recall": 0.016574585635359115,
  "PUBLICATION_f1": 0.030534351145038163,
  "SOFTWARE_precision": 0.19230769230769232,
  "SOFTWARE_recall": 0.006067961165048544,
  "SOFTWARE_f1": 0.011764705882352943,
  "WORKSHOP_precision": 0.0,
  "WORKSHOP_recall": 0.0,
  "WORKSHOP_f1": 0.0,
  "overall_macro_precision": 0.06358560794044665,
  "overall_macro_recall": 0.0027770751928612785,
  "overall_macro_f1": 0.005234930828367251,
  "overall_micro_precision": 0.16,
  "overall_micro_recall": 0.006015037593984963,
  "overall_micro_f1": 0.011594202898550725,
  "overall_weighted_precision": 0.1389854910228425,
  "overall_weighted_recall": 0.006015037593984963,
  "overall_weighted_f1": 0.011382131206284467
}