{
  "CONFERENCE_precision": 0.0,
  "CONFERENCE_recall": 0.0,
  "CONFERENCE_f1": 0.0,
  "DATASET_precision": 0.0,
  "DATASET_recall": 0.0,
  "DATASET_f1": 0.0,
  "EVALMETRIC_precision": 0.0,
  "EVALMETRIC_recall": 0.0,
  "EVALMETRIC_f1": 0.0,
  "LICENSE_precision": 0.0,
  "LICENSE_recall": 0.0,
  "LICENSE_f1": 0.0,
  "ONTOLOGY_precision": 0.0,
  "ONTOLOGY_recall": 0.0,
  "ONTOLOGY_f1": 0.0,
  "PROGLANG_precision": 0.0,
  "PROGLANG_recall": 0.0,
  "PROGLANG_f1": 0.0,
  "PROJECT_precision": 0.0,
  "PROJECT_recall": 0.0,
  "PROJECT_f1": 0.0,
  "PUBLICATION_precision": 0.05555555555555555,
  "PUBLICATION_recall": 0.0027624309392265192,
  "PUBLICATION_f1": 0.005263157894736842,
  "SOFTWARE_precision": 0.0,
  "SOFTWARE_recall": 0.0,
  "SOFTWARE_f1": 0.0,
  "WORKSHOP_precision": 0.0,
  "WORKSHOP_recall": 0.0,
  "WORKSHOP_f1": 0.0,
  "overall_macro_precision": 0.005555555555555555,
  "overall_macro_recall": 0.0002762430939226519,
  "overall_macro_f1": 0.0005263157894736842,
  "overall_micro_precision": 0.03225806451612903,
  "overall_micro_recall": 0.0005012531328320802,
  "overall_micro_f1": 0.0009871668311944718,
  "overall_weighted_precision": 0.010080757449178501,
  "overall_weighted_recall": 0.0005012531328320802,
  "overall_weighted_f1": 0.0009550191267642791
}